{
  "text": {
    "content": {
      "normal": {
        "value": "{base} * 1",
        "type": "fontSizes"
      },
      "sm": {
        "value": "{base} * 0.750",
        "type": "fontSizes"
      },
      "xs": {
        "value": "{base} * 0.625",
        "type": "fontSizes"
      }
    },
    "title": {
      "h6": {
        "value": "{base} * 1.125",
        "type": "fontSizes"
      },
      "h5": {
        "value": "{base} * 1.25",
        "type": "fontSizes"
      },
      "h4": {
        "value": "{base} * 1.375",
        "type": "fontSizes"
      },
      "h3": {
        "value": "{base} * 1.50",
        "type": "fontSizes"
      },
      "h2": {
        "value": "{base} * 1.75",
        "type": "fontSizes"
      },
      "h1": {
        "value": "{base} * 2",
        "type": "fontSizes"
      }
    },
    "lineHeights": {
      "h1": {
        "value": "125%",
        "type": "lineHeights"
      },
      "h2": {
        "value": "130%",
        "type": "lineHeights"
      },
      "h3": {
        "value": "150%",
        "type": "lineHeights"
      },
      "h4": {
        "value": "130%",
        "type": "lineHeights"
      },
      "h5": {
        "value": "120%",
        "type": "lineHeights"
      },
      "h6": {
        "value": "130%",
        "type": "lineHeights"
      },
      "normal": {
        "value": "130%",
        "type": "lineHeights"
      },
      "sm": {
        "value": "110%",
        "type": "lineHeights"
      },
      "xs": {
        "value": "120%",
        "type": "lineHeights"
      }
    },
    "weight": {
      "bold": {
        "value": "700",
        "type": "fontWeights"
      },
      "semiBold": {
        "value": "600",
        "type": "fontWeights"
      },
      "normal": {
        "value": "400",
        "type": "fontWeights"
      }
    },
    "family": {
      "content": {
        "value": "Lato",
        "type": "fontFamilies"
      },
      "title": {
        "value": "Montserrat",
        "type": "fontFamilies"
      }
    }
  },
  "base": {
    "value": "18",
    "type": "fontSizes"
  }
}