{
  "neutral": {
    "10": {
      "value": "hsla({color-hs.neutral.base}, 99%, 1)",
      "type": "color"
    },
    "50": {
      "value": "hsla({color-hs.neutral.base}, 96%, 1)",
      "type": "color"
    },
    "100": {
      "value": "hsla({color-hs.neutral.base}, 90%, 1)",
      "type": "color"
    },
    "200": {
      "value": "hsla({color-hs.neutral.base}, 80%, 1)",
      "type": "color"
    },
    "300": {
      "value": "hsla({color-hs.neutral.base}, 70%, 1)",
      "type": "color"
    },
    "400": {
      "value": "hsla({color-hs.neutral.base}, 60%, 1)",
      "type": "color"
    },
    "500": {
      "value": "hsla({color-hs.neutral.base}, 50%, 1)",
      "type": "color"
    },
    "600": {
      "value": "hsla({color-hs.neutral.base}, 40%, 1)",
      "type": "color"
    },
    "700": {
      "value": "hsla({color-hs.neutral.base}, 30%, 1)",
      "type": "color"
    },
    "800": {
      "value": "hsla({color-hs.neutral.base}, 20%, 1)",
      "type": "color"
    },
    "900": {
      "value": "hsla({color-hs.neutral.base}, 10%, 1)",
      "type": "color"
    }
  },
  "primary": {
    "10": {
      "value": "hsla({color-hs.primary.base}, 91%, 1)",
      "type": "color"
    },
    "100": {
      "value": "hsla({color-hs.primary.base}, 81%, 1)",
      "type": "color"
    },
    "200": {
      "value": "hsla({color-hs.primary.base}, 71%, 1)",
      "type": "color"
    },
    "300": {
      "value": "hsla({color-hs.primary.base}, 61%, 1)",
      "type": "color"
    },
    "400": {
      "value": "hsla({color-hs.primary.base}, 51%, 1)",
      "type": "color"
    },
    "500": {
      "value": "hsla({color-hs.primary.base}, 41%, 1)",
      "type": "color"
    },
    "600": {
      "value": "hsla({color-hs.primary.base}, 31%, 1)",
      "type": "color"
    },
    "700": {
      "value": "hsla({color-hs.primary.base}, 21%, 1)",
      "type": "color"
    },
    "800": {
      "value": "hsla({color-hs.primary.base}, 11%, 1)",
      "type": "color"
    },
    "900": {
      "value": "hsla({color-hs.primary.base}, 1%, 1)",
      "type": "color"
    }
  },
  "secondary": {
    "10": {
      "value": "hsla({color-hs.secondary.base}, 96%, 1)",
      "type": "color"
    },
    "100": {
      "value": "hsla({color-hs.secondary.base}, 86%, 1)",
      "type": "color"
    },
    "200": {
      "value": "hsla({color-hs.secondary.base}, 76%, 1)",
      "type": "color"
    },
    "300": {
      "value": "hsla({color-hs.secondary.base}, 66%, 1)",
      "type": "color"
    },
    "400": {
      "value": "hsla({color-hs.secondary.base}, 56%, 1)",
      "type": "color"
    },
    "500": {
      "value": "hsla({color-hs.secondary.base}, 46%, 1)",
      "type": "color"
    },
    "600": {
      "value": "hsla({color-hs.secondary.base}, 36%, 1)",
      "type": "color"
    },
    "700": {
      "value": "hsla({color-hs.secondary.base}, 26%, 1)",
      "type": "color"
    },
    "800": {
      "value": "hsla({color-hs.secondary.base}, 16%, 1)",
      "type": "color"
    },
    "900": {
      "value": "hsla({color-hs.secondary.base}, 6%, 1)",
      "type": "color"
    }
  },
  "accent": {
    "10": {
      "value": "hsla({color-hs.complementary.base}, 95%, 1)",
      "type": "color"
    },
    "100": {
      "value": "hsla({color-hs.complementary.base}, 85%, 1)",
      "type": "color"
    },
    "200": {
      "value": "hsla({color-hs.complementary.base}, 75%, 1)",
      "type": "color"
    },
    "300": {
      "value": "hsla({color-hs.complementary.base}, 65%, 1)",
      "type": "color"
    },
    "400": {
      "value": "hsla({color-hs.complementary.base}, 55%, 1)",
      "type": "color"
    },
    "500": {
      "value": "hsla({color-hs.complementary.base}, 45%, 1)",
      "type": "color"
    },
    "600": {
      "value": "hsla({color-hs.complementary.base}, 35%, 1)",
      "type": "color"
    },
    "700": {
      "value": "hsla({color-hs.complementary.base}, 25%, 1)",
      "type": "color"
    },
    "800": {
      "value": "hsla({color-hs.complementary.base}, 15%, 1)",
      "type": "color"
    },
    "900": {
      "value": "hsla({color-hs.complementary.base}, 5%, 1)",
      "type": "color"
    }
  },
  "feedbacks": {
    "positive": {
      "10": {
        "value": "hsla({color-hs.positive.base}, 95%, 1)",
        "type": "color"
      },
      "100": {
        "value": "hsla({color-hs.positive.base}, 85%, 1)",
        "type": "color"
      },
      "200": {
        "value": "hsla({color-hs.positive.base}, 75%, 1)",
        "type": "color"
      },
      "300": {
        "value": "hsla({color-hs.positive.base}, 65%, 1)",
        "type": "color"
      },
      "400": {
        "value": "hsla({color-hs.positive.base}, 55%, 1)",
        "type": "color"
      },
      "500": {
        "value": "hsla({color-hs.positive.base}, 45%, 1)",
        "type": "color"
      },
      "600": {
        "value": "hsla({color-hs.positive.base}, 35%, 1)",
        "type": "color"
      },
      "700": {
        "value": "hsla({color-hs.positive.base}, 25%, 1)",
        "type": "color"
      },
      "800": {
        "value": "hsla({color-hs.positive.base}, 15%, 1)",
        "type": "color"
      },
      "900": {
        "value": "hsla({color-hs.positive.base}, 5%, 1)",
        "type": "color"
      }
    },
    "warning": {
      "10": {
        "value": "hsla({color-hs.alert.base}, 95%, 1)",
        "type": "color"
      },
      "100": {
        "value": "hsla({color-hs.alert.base}, 85%, 1)",
        "type": "color"
      },
      "200": {
        "value": "hsla({color-hs.alert.base}, 75%, 1)",
        "type": "color"
      },
      "300": {
        "value": "hsla({color-hs.alert.base}, 65%, 1)",
        "type": "color"
      },
      "400": {
        "value": "hsla({color-hs.alert.base}, 55%, 1)",
        "type": "color"
      },
      "500": {
        "value": "hsla({color-hs.alert.base}, 45%, 1)",
        "type": "color"
      },
      "600": {
        "value": "hsla({color-hs.alert.base}, 35%, 1)",
        "type": "color"
      },
      "700": {
        "value": "hsla({color-hs.alert.base}, 25%, 1)",
        "type": "color"
      },
      "800": {
        "value": "hsla({color-hs.alert.base}, 15%, 1)",
        "type": "color"
      },
      "900": {
        "value": "hsla({color-hs.alert.base}, 5%, 1)",
        "type": "color"
      }
    },
    "negative": {
      "10": {
        "value": "hsla({color-hs.negative.base}, 95%, 1)",
        "type": "color"
      },
      "100": {
        "value": "hsla({color-hs.negative.base}, 85%, 1)",
        "type": "color"
      },
      "200": {
        "value": "hsla({color-hs.negative.base}, 75%, 1)",
        "type": "color"
      },
      "300": {
        "value": "hsla({color-hs.negative.base}, 65%, 1)",
        "type": "color"
      },
      "400": {
        "value": "hsla({color-hs.negative.base}, 55%, 1)",
        "type": "color"
      },
      "500": {
        "value": "hsla({color-hs.negative.base}, 45%, 1)",
        "type": "color"
      },
      "600": {
        "value": "hsla({color-hs.negative.base}, 35%, 1)",
        "type": "color"
      },
      "700": {
        "value": "hsla({color-hs.negative.base}, 25%, 1)",
        "type": "color"
      },
      "800": {
        "value": "hsla({color-hs.negative.base}, 15%, 1)",
        "type": "color"
      },
      "900": {
        "value": "hsla({color-hs.negative.base}, 5%, 1)",
        "type": "color"
      }
    },
    "informative": {
      "10": {
        "value": "hsla({color-hs.informative.base}, 95%, 1)",
        "type": "color"
      },
      "100": {
        "value": "hsla({color-hs.informative.base}, 85%, 1)",
        "type": "color"
      },
      "200": {
        "value": "hsla({color-hs.informative.base}, 75%, 1)",
        "type": "color"
      },
      "300": {
        "value": "hsla({color-hs.informative.base}, 65%, 1)",
        "type": "color"
      },
      "400": {
        "value": "hsla({color-hs.informative.base}, 55%, 1)",
        "type": "color"
      },
      "500": {
        "value": "hsla({color-hs.informative.base}, 45%, 1)",
        "type": "color"
      },
      "600": {
        "value": "hsla({color-hs.informative.base}, 35%, 1)",
        "type": "color"
      },
      "700": {
        "value": "hsla({color-hs.informative.base}, 25%, 1)",
        "type": "color"
      },
      "800": {
        "value": "hsla({color-hs.informative.base}, 15%, 1)",
        "type": "color"
      },
      "900": {
        "value": "hsla({color-hs.informative.base}, 5%, 1)",
        "type": "color"
      }
    }
  },
  "color-hs": {
    "neutral": {
      "base": {
        "value": "0, 0%",
        "type": "other"
      }
    },
    "primary": {
      "base": {
        "value": "209, 100%",
        "type": "other"
      }
    },
    "secondary": {
      "base": {
        "value": "79, 100%",
        "type": "other"
      }
    },
    "complementary": {
      "base": {
        "value": "284, 100%",
        "type": "other"
      }
    },
    "positive": {
      "base": {
        "value": "144, 100%",
        "type": "other"
      }
    },
    "alert": {
      "base": {
        "value": "57, 100%",
        "type": "other"
      }
    },
    "negative": {
      "base": {
        "value": "7, 100%",
        "type": "other"
      }
    },
    "informative": {
      "base": {
        "value": "190, 100%",
        "type": "other"
      }
    }
  },
  "size": {
    "base": {
      "value": "4",
      "type": "other",
      "description": "Size for base"
    }
  },
  "elevation": {
    "normal": {
      "level": {
        "1": {
          "value": {
            "x": "0",
            "y": "1",
            "blur": "2",
            "spread": "0",
            "color": "#1A1A1A12",
            "type": "dropShadow"
          },
          "type": "boxShadow"
        },
        "2": {
          "value": {
            "x": "0",
            "y": "4",
            "blur": "8",
            "spread": "0",
            "color": "#1A1A1A12",
            "type": "dropShadow"
          },
          "type": "boxShadow"
        },
        "3": {
          "value": {
            "x": "0",
            "y": "8",
            "blur": "16",
            "spread": "0",
            "color": "#1A1A1A12",
            "type": "dropShadow"
          },
          "type": "boxShadow"
        }
      }
    },
    "inverse": {
      "level": {
        "1": {
          "value": {
            "x": "0",
            "y": "-1",
            "blur": "2",
            "spread": "0",
            "color": "#1A1A1A12",
            "type": "dropShadow"
          },
          "type": "boxShadow"
        },
        "2": {
          "value": {
            "x": "0",
            "y": "-4",
            "blur": "8",
            "spread": "0",
            "color": "#1A1A1A12",
            "type": "dropShadow"
          },
          "type": "boxShadow"
        },
        "3": {
          "value": {
            "x": "0",
            "y": "-8",
            "blur": "16",
            "spread": "0",
            "color": "#1A1A1A12",
            "type": "dropShadow"
          },
          "type": "boxShadow"
        }
      }
    }
  },
  "focus": {
    "primary": {
      "value": {
        "x": "0",
        "y": "0",
        "blur": "0",
        "spread": "2",
        "color": "{primary.200}",
        "type": "dropShadow"
      },
      "type": "boxShadow"
    },
    "secondary": {
      "value": {
        "x": "0",
        "y": "0",
        "blur": "0",
        "spread": "2",
        "color": "{secondary.200}",
        "type": "dropShadow"
      },
      "type": "boxShadow"
    },
    "complementary": {
      "value": {
        "x": "0",
        "y": "0",
        "blur": "0",
        "spread": "2",
        "color": "{accent.200}",
        "type": "dropShadow"
      },
      "type": "boxShadow"
    },
    "feedback": {
      "warning": {
        "value": {
          "x": "0",
          "y": "0",
          "blur": "0",
          "spread": "2",
          "color": "{feedbacks.warning.200}",
          "type": "dropShadow"
        },
        "type": "boxShadow"
      },
      "negative": {
        "value": {
          "x": "0",
          "y": "0",
          "blur": "0",
          "spread": "2",
          "color": "{feedbacks.negative.200}",
          "type": "dropShadow"
        },
        "type": "boxShadow"
      },
      "informative": {
        "value": {
          "x": "0",
          "y": "0",
          "blur": "0",
          "spread": "2",
          "color": "{feedbacks.informative.200}",
          "type": "dropShadow"
        },
        "type": "boxShadow"
      },
      "positive": {
        "value": {
          "x": "0",
          "y": "0",
          "blur": "0",
          "spread": "2",
          "color": "{feedbacks.positive.200}",
          "type": "dropShadow"
        },
        "type": "boxShadow"
      }
    }
  }
}